NombreUsuario;Contraseña;Rol
sofía847;OvU637XjyZ;Usuario
mateo964;ZbImNXZxp0;Usuario
isabella222;DVRtWZXC2m;Usuario
sebastián950;9c59M9Ga2N;Usuario
valentina503;zU82okeUQZ;Usuario
benjamín249;o0RYv3m05H;Usuario
camila748;oHJWCr2j2o;Usuario
santiago322;PvxlFMOWyJ;Usuario
victoria782;B0aAGjjI7u;Usuario
nicolás147;wRyMEHLfb9;Usuario
martina617;RAEQaelePS;Usuario
alejandro838;1Q0zI7N4Yu;Usuario
lucía600;R99hSZ4D1p;Usuario
adrián520;x5y2pqX8wf;Usuario
paula418;HlesNILiqe;Usuario
daniel327;HedqRTlno3;Usuario
sara594;T9cFxAESqv;Usuario
david651;wD9J7gm55V;Usuario
carla786;DwNk2fMR5L;Usuario
javier476;NC5lYtpost;Usuario
maría837;MfZ2o5hsOp;Usuario
diego482;4UrM2oHXe1;Usuario
laura322;HpZzv46lsU;Usuario
ángel956;ysoUoNQtxY;Usuario
elena108;eYFedhMPp4;Usuario
pablo604;KrqQqWpeFZ;Usuario
ana801;4lgKucyNSU;Usuario
hugo935;x694fZoAMP;Usuario
carmen649;Wwe8pQ1j6Y;Usuario
mario807;oj2T5V97gW;Usuario
beatriz206;gLhBvEeQ7D;Usuario
manuel157;IhAhERpldX;Usuario
alba824;RpLDSneS7C;Usuario
jorge937;5YLJGo5TOS;Usuario
raquel804;Nc1Z6WN3c1;Usuario
óscar861;DGvH6pYw9H;Usuario
patricia389;ygkuGU9Tst;Usuario
luis492;4L62mFwUYT;Usuario
rosa687;Xfqx6Ux2xc;Usuario
enrique301;dOxRcfFmjK;Usuario
gloria291;ogd0f50L2X;Usuario
alberto579;gsqkO0og2p;Usuario
cristina676;qtqMGuvR1y;Usuario
antonio571;VkLt126MgV;Usuario
silvia629;CrXZ6BqXgj;Usuario
juan212;RbNd1GCWp9;Usuario
irene696;fYbxc5wwv3;Usuario
pedro912;ljUEK8GOJN;Usuario
marta704;bubrAkDOHo;Usuario
josé275;DI1virMXBN;Usuario
eva131;F9mHtQh12x;Usuario
carlos369;vETVUAs2re;Usuario
alicia424;ks2GJx94xg;Usuario
ramón732;ET6Wvbo2LF;Usuario
pilar217;vATSKoC2tW;Usuario
vicente251;w5JiZ7SOCO;Usuario
inés844;rMw619cnpT;Usuario
ricardo905;NUQ4eQRLx4;Usuario
dolores553;MVL6mCq2XP;Usuario
salvador557;F1AWoH0uun;Usuario
mercedes523;0V1pjK6HBl;Usuario
fernando500;G3h0wsPrUg;Usuario
rosario538;HWsTpdYORg;Usuario
francisco291;xsPVWHHIt6;Usuario
concepción572;i1dBVsn01o;Usuario
eduardo576;16stYAZyml;Usuario
ángela591;P41aUFrDDz;Usuario
miguel408;cLTqX9JrgD;Usuario
antonia955;yMap8zvvoc;Usuario
jaime739;2GWHAQMzzy;Usuario
soledad634;S9OJoucENK;Usuario
rafael407;7j96ho08e9;Usuario
julia653;w8HQOz2zpV;Usuario
jesús813;aUUYzAxhQv;Usuario
teresa579;wjKm77C5MD;Usuario
emilio769;JVNfBWch5S;Usuario
manuela441;3XXzzunySP;Usuario
domingo903;0wJCRM6zw9;Usuario
ramona111;Oyct10t6vG;Usuario
esteban853;X1a67AU6o1;Usuario
juana504;IXvlYS5W1k;Usuario
félix462;u48xJWzPAU;Usuario
consuelo677;SMdmoP7ekh;Usuario
césar432;AiZOiqNgcv;Usuario
aurora554;Qq6cyPqOaf;Usuario
valentín620;Sh2V1Y7uSa;Usuario
trinidad460;YU25Ph1UBZ;Usuario
simón199;l84Csf6ZQH;Usuario
visitación803;yaQSoTpyao;Usuario
benito517;BPWSS0jgwt;Usuario
asunción719;R1UEjEP6RM;Usuario
fermín593;DcofSDOk67;Usuario
purificación687;V74NU0tga7;Usuario
pascual698;JgmMX1ovqR;Usuario
encarnación688;donZyHGu8J;Usuario
germán135;uSXARlGWRI;Usuario
remedios139;UyV9tdtgsk;Usuario
prudencio175;gaCilHEjfh;Usuario
amparo581;9wTzdgbWDr;Usuario
bonifacio171;jewo55xNea;Usuario
KevinCh20;123456;Admin
AshB15;2468;Admin
